{
  "priceRanges": [
    "Under $10",
    "$10-$20",
    "$20-$30",
    "$30-$40",
    "$40+"
  ],
  "counts": [
    6,
    1,
    274,
    69,
    31
  ],
  "revenues": [
    41.760000000000005,
    12.44,
    7920.7,
    2235.27,
    1352.3000000000002
  ]
}